1488132302.00;100;100
1488132302.01;-100;-100
1488132302.02;100;100
1488132302.03;-100;-100
1488132302.04;100;100
1488132302.05;-100;-100
1488132302.06;100;100
1488132302.07;-100;-100
1488132302.08;100;100
1488132302.09;-100;-100
1488132302.10;100;100
1488132302.11;-100;-100
1488132302.12;100;100
1488132302.13;-100;-100
1488132302.14;100;100
1488132302.15;-100;-100
1488132302.16;100;100
1488132302.17;-100;-100
1488132302.18;100;100
1488132302.19;-100;-100
1488132302.20;0.50;0.30
1488132302.21;0.16;-1.49
1488132302.22;0.92;-0.73
1488132302.23;1.11;-0.61
1488132302.24;1.18;-2.01
1488132302.25;1.46;-2.03
1488132302.26;1.99;-2.35
1488132302.27;2.64;-0.61
1488132302.28;3.24;-0.97
1488132302.29;2.30;0.09
1488132302.30;1.73;-0.63
1488132302.31;0.98;-0.72
1488132302.32;1.85;-0.34
1488132302.33;2.42;-1.49
1488132302.34;2.07;-1.95
1488132302.35;1.76;-3.73
1488132302.36;2.74;-4.74
1488132302.37;2.56;-6.69
1488132302.38;3.10;-8.46
1488132302.39;2.69;-9.24
1488132302.40;1.73;-10.08
1488132302.41;1.59;-10.42
1488132302.42;2.19;-8.62
1488132302.43;2.19;-8.12
1488132302.44;2.83;-6.62
1488132302.45;2.16;-6.57
1488132302.46;1.25;-6.71
1488132302.47;0.91;-6.46
1488132302.48;1.29;-5.42
1488132302.49;0.31;-4.93
1488132302.50;-0.54;-6.04
1488132302.51;-0.87;-7.52
1488132302.52;-1.33;-7.33
1488132302.53;-0.85;-5.70
1488132302.54;-0.90;-4.10
1488132302.55;-1.54;-3.34
1488132302.56;-1.84;-3.03
1488132302.57;-1.42;-3.27
1488132302.58;-1.74;-3.28
1488132302.59;-0.79;-4.19
1488132302.60;-1.56;-2.69
1488132302.61;-1.18;-2.98
1488132302.62;-1.16;-2.06
1488132302.63;-0.87;-3.53
1488132302.64;-1.70;-5.35
1488132302.65;-1.96;-6.13
1488132302.66;-1.00;-4.27
1488132302.67;-0.67;-2.72
1488132302.68;0.08;-3.70
1488132302.69;-0.89;-4.26
1488132302.70;-1.86;-3.48
1488132302.71;-2.70;-2.33
1488132302.72;-2.79;-2.50
1488132302.73;-2.80;-0.55
1488132302.74;-3.05;-0.35
1488132302.75;-3.50;-0.55
1488132302.76;-2.73;0.15
1488132302.77;-2.60;-1.39
1488132302.78;-1.77;0.15
1488132302.79;-1.58;0.76
1488132302.80;-1.84;2.04
1488132302.81;-1.24;0.96
1488132302.82;-1.89;2.65
1488132302.83;-1.30;1.80
1488132302.84;-1.84;3.75
1488132302.85;-1.64;4.35
1488132302.86;-0.74;4.30
1488132302.87;-0.27;5.44
1488132302.88;-0.84;5.44
1488132302.89;-1.34;3.92
1488132302.90;-1.96;2.16
1488132302.91;-1.48;0.47
1488132302.92;-0.89;-0.67
1488132302.93;-1.77;-1.25
1488132302.94;-1.15;0.29
1488132302.95;-1.96;2.21
1488132302.96;-2.31;0.99
1488132302.97;-2.32;1.86
1488132302.98;-1.90;0.86
1488132302.99;-2.81;-1.01
1488132303.00;-2.79;-0.40
1488132303.01;-3.12;0.95
1488132303.02;-3.64;-0.83
1488132303.03;-4.55;-1.18
1488132303.04;-4.63;0.22
1488132303.05;-4.28;-1.30
1488132303.06;-4.15;0.59
1488132303.07;-3.70;-0.59
1488132303.08;-3.23;1.13
1488132303.09;-3.78;2.03
1488132303.10;-3.98;2.83
1488132303.11;-4.47;1.21
1488132303.12;-4.30;0.33
1488132303.13;-4.99;-0.55
1488132303.14;-5.58;0.81
1488132303.15;-5.85;0.12
1488132303.16;-5.83;-1.81
1488132303.17;-6.51;-0.14
1488132303.18;-5.66;0.36
1488132303.19;-6.06;-1.03
1488132303.20;-6.94;0.29
1488132303.21;-6.27;1.68
1488132303.22;-5.52;3.66
1488132303.23;-5.27;3.15
1488132303.24;-5.14;2.39
1488132303.25;-4.72;0.82
1488132303.26;-5.15;1.19
1488132303.27;-4.24;0.35
1488132303.28;-4.69;0.48
1488132303.29;-5.59;1.10
1488132303.30;-5.85;0.02
1488132303.31;-5.92;1.73
1488132303.32;-6.23;1.51
1488132303.33;-7.07;1.15
1488132303.34;-7.43;1.26
1488132303.35;-6.73;0.04
1488132303.36;-7.70;0.32
1488132303.37;-6.86;1.67
1488132303.38;-6.06;2.37
1488132303.39;-7.03;2.07
1488132303.40;-7.14;0.59
1488132303.41;-7.43;1.19
1488132303.42;-8.14;0.24
1488132303.43;-8.04;0.48
1488132303.44;-8.16;1.92
1488132303.45;-7.75;2.06
1488132303.46;-8.08;0.45
1488132303.47;-7.54;0.80
1488132303.48;-8.01;0.20
1488132303.49;-7.71;0.47
1488132303.50;-7.89;0.96
1488132303.51;-7.01;-0.85
1488132303.52;-6.17;0.75
1488132303.53;-6.50;-0.30
1488132303.54;-6.41;1.10
1488132303.55;-6.28;2.02
1488132303.56;-6.77;1.58
1488132303.57;-7.32;3.21
1488132303.58;-7.47;4.98
1488132303.59;-7.43;5.13
1488132303.60;-7.05;6.02
1488132303.61;-6.99;5.02
1488132303.62;-6.91;6.81
1488132303.63;-7.81;5.13
1488132303.64;-7.30;4.28
1488132303.65;-8.12;6.25
1488132303.66;-7.42;4.55
1488132303.67;-7.91;2.83
1488132303.68;-8.78;2.99
1488132303.69;-8.34;2.40
1488132303.70;-7.78;2.73
1488132303.71;-7.68;1.75
1488132303.72;-8.22;3.67
1488132303.73;-7.72;3.26
1488132303.74;-6.84;2.47
1488132303.75;-5.94;2.58
1488132303.76;-6.37;3.28
1488132303.77;-6.06;2.62
1488132303.78;-5.48;4.00
1488132303.79;-4.84;2.50
1488132303.80;-5.23;3.01
1488132303.81;-5.75;4.96
1488132303.82;-4.76;5.68
1488132303.83;-4.44;6.20
1488132303.84;-3.47;4.79
1488132303.85;-3.05;5.58
1488132303.86;-3.73;4.42
1488132303.87;-3.71;3.17
1488132303.88;-4.35;4.84
1488132303.89;-3.55;2.90
1488132303.90;-3.48;4.68
1488132303.91;-3.41;3.56
1488132303.92;-3.02;5.38
1488132303.93;-2.89;4.76
1488132303.94;-3.15;6.05
1488132303.95;-2.90;4.42
1488132303.96;-3.54;2.55
1488132303.97;-3.37;1.40
1488132303.98;-3.49;0.22
1488132303.99;-3.10;-0.51
1488132304.00;-3.13;-1.08
1488132304.01;-2.88;-0.54
1488132304.02;-3.50;-0.07
1488132304.03;-2.51;0.55
1488132304.04;-2.31;-0.57
1488132304.05;-2.36;-0.47
1488132304.06;-1.62;1.40
1488132304.07;-1.63;-0.07
1488132304.08;-0.97;-0.39
1488132304.09;-0.51;1.41
1488132304.10;-0.89;-0.56
1488132304.11;-1.36;-0.71
1488132304.12;-1.18;-0.86
1488132304.13;-1.73;-2.70
1488132304.14;-1.37;-3.71
1488132304.15;-0.44;-4.22
1488132304.16;0.56;-4.40
1488132304.17;0.77;-2.98
1488132304.18;1.52;-4.41
1488132304.19;2.49;-3.30
1488132304.20;3.30;-4.01
1488132304.21;3.75;-5.23
1488132304.22;4.55;-5.98
1488132304.23;4.70;-7.15
1488132304.24;4.93;-7.64
1488132304.25;5.74;-7.19
1488132304.26;5.03;-5.81
1488132304.27;4.95;-5.44
1488132304.28;4.18;-5.62
1488132304.29;3.54;-4.12
1488132304.30;2.92;-3.73
1488132304.31;2.53;-2.71
1488132304.32;3.11;-3.76
1488132304.33;3.19;-3.26
1488132304.34;2.49;-4.60
1488132304.35;2.55;-4.98
1488132304.36;3.09;-5.23
1488132304.37;3.68;-3.80
1488132304.38;3.32;-3.42
1488132304.39;3.96;-3.95
1488132304.40;4.81;-3.22
1488132304.41;5.07;-3.70
1488132304.42;5.92;-3.02
1488132304.43;6.29;-3.95
1488132304.44;6.34;-5.31
1488132304.45;6.47;-4.90
1488132304.46;6.75;-3.39
1488132304.47;7.47;-2.46
1488132304.48;6.77;-3.43
1488132304.49;5.84;-5.14
1488132304.50;6.45;-3.16
1488132304.51;6.83;-2.76
1488132304.52;6.62;-2.11
1488132304.53;6.58;-0.90
1488132304.54;6.46;-0.86
1488132304.55;7.30;0.47
1488132304.56;8.15;0.34
1488132304.57;8.52;1.98
1488132304.58;8.44;0.51
1488132304.59;7.83;-0.26
1488132304.60;8.27;-0.39
1488132304.61;7.53;1.28
1488132304.62;6.95;1.02
1488132304.63;6.76;0.39
1488132304.64;7.51;1.98
1488132304.65;6.86;2.30
1488132304.66;7.16;0.60
1488132304.67;8.08;-0.28
1488132304.68;7.41;-1.03
1488132304.69;7.57;0.96
1488132304.70;7.61;0.80
1488132304.71;8.25;-1.16
1488132304.72;7.68;-3.00
1488132304.73;6.86;-4.42
1488132304.74;7.75;-4.47
1488132304.75;8.47;-4.60
1488132304.76;8.92;-4.07
1488132304.77;9.42;-5.85
1488132304.78;8.72;-5.46
1488132304.79;9.00;-4.75
1488132304.80;8.94;-6.03
1488132304.81;8.47;-5.30
1488132304.82;9.37;-5.78
1488132304.83;9.15;-5.93
1488132304.84;9.13;-6.99
1488132304.85;8.86;-7.05
1488132304.86;9.18;-8.51
1488132304.87;9.03;-7.38
1488132304.88;9.34;-7.04
1488132304.89;9.15;-8.78
1488132304.90;9.67;-9.25
1488132304.91;10.46;-9.44
1488132304.92;11.44;-8.40
1488132304.93;12.15;-6.99
1488132304.94;12.18;-8.03
1488132304.95;12.95;-9.64
1488132304.96;11.99;-10.28
1488132304.97;12.48;-10.58
1488132304.98;12.96;-10.78
1488132304.99;13.80;-10.80
1488132305.00;13.36;-8.88
1488132305.01;13.00;-7.63
1488132305.02;13.24;-5.85
1488132305.03;14.00;-4.70
1488132305.04;14.14;-4.53
1488132305.05;13.45;-4.41
1488132305.06;13.74;-4.39
1488132305.07;14.18;-5.22
1488132305.08;13.23;-3.58
1488132305.09;13.82;-2.22
1488132305.10;14.75;-0.63
1488132305.11;15.38;-1.02
1488132305.12;16.22;-1.87
1488132305.13;16.31;-1.58
1488132305.14;16.09;0.12
1488132305.15;16.86;-0.77
1488132305.16;16.42;-1.13
1488132305.17;16.94;-0.88
1488132305.18;17.67;0.16
1488132305.19;17.54;-1.80
1488132305.20;17.53;-0.37
1488132305.21;17.75;0.96
1488132305.22;18.67;-0.44
1488132305.23;19.24;-2.19
1488132305.24;19.90;-1.99
1488132305.25;20.43;-0.74
1488132305.26;20.67;-0.88
1488132305.27;19.96;-0.68
1488132305.28;20.95;1.04
1488132305.29;20.31;-0.26
1488132305.30;21.11;-1.17
1488132305.31;20.84;0.14
1488132305.32;21.61;-1.26
1488132305.33;21.81;0.58
1488132305.34;21.47;-1.05
1488132305.35;20.68;0.53
1488132305.36;21.16;-0.56
1488132305.37;22.01;-0.04
1488132305.38;21.45;0.56
1488132305.39;21.42;0.16
1488132305.40;21.72;0.76
1488132305.41;21.75;1.95
1488132305.42;22.01;3.41
1488132305.43;22.01;3.82
1488132305.44;22.23;4.54
1488132305.45;21.59;5.28
1488132305.46;21.39;6.34
1488132305.47;21.42;6.75
1488132305.48;21.78;5.09
1488132305.49;22.20;3.41
1488132305.50;23.12;3.30
1488132305.51;23.99;4.04
1488132305.52;23.66;5.87
1488132305.53;23.25;4.49
1488132305.54;22.51;5.94
1488132305.55;23.22;7.17
1488132305.56;23.23;6.49
1488132305.57;22.29;5.91
1488132305.58;23.25;7.13
1488132305.59;23.55;6.48
1488132305.60;23.59;5.29
1488132305.61;23.71;6.31
1488132305.62;23.69;7.91
1488132305.63;24.59;7.90
1488132305.64;24.21;8.82
1488132305.65;24.69;7.32
1488132305.66;25.54;7.94
1488132305.67;25.21;8.70
1488132305.68;24.57;9.25
1488132305.69;25.23;9.23
1488132305.70;24.83;9.41
1488132305.71;25.57;8.93
1488132305.72;24.83;8.58
1488132305.73;25.03;10.19
1488132305.74;24.32;11.47
1488132305.75;25.21;10.16
1488132305.76;25.86;10.22
1488132305.77;26.39;10.41
1488132305.78;26.99;10.77
1488132305.79;26.10;11.66
1488132305.80;25.63;11.63
1488132305.81;26.28;12.57
1488132305.82;26.18;13.34
1488132305.83;25.25;13.37
1488132305.84;25.18;12.59
1488132305.85;25.95;11.87
1488132305.86;26.05;13.11
1488132305.87;25.73;12.42
1488132305.88;26.72;10.53
1488132305.89;27.32;8.91
1488132305.90;26.75;10.03
1488132305.91;27.71;8.88
1488132305.92;26.90;9.29
1488132305.93;27.60;7.60
1488132305.94;28.28;8.45
1488132305.95;28.54;10.39
1488132305.96;28.27;10.96
1488132305.97;27.80;9.78
1488132305.98;26.82;10.41
1488132305.99;27.56;8.51
1488132306.00;26.63;7.42
1488132306.01;25.92;8.47
1488132306.02;25.07;7.17
1488132306.03;24.11;8.61
1488132306.04;24.45;7.88
1488132306.05;24.92;8.74
1488132306.06;25.02;7.61
1488132306.07;25.61;8.37
1488132306.08;25.28;8.83
1488132306.09;25.36;9.08
1488132306.10;26.26;11.02
1488132306.11;25.42;12.07
1488132306.12;25.33;11.55
1488132306.13;24.77;13.20
1488132306.14;24.89;13.73
1488132306.15;25.74;14.41
1488132306.16;25.62;13.08
1488132306.17;25.59;14.99
1488132306.18;26.27;15.80
1488132306.19;25.80;14.86
1488132306.20;25.91;16.41
1488132306.21;26.85;16.28
1488132306.22;27.03;15.60
1488132306.23;26.46;16.52
1488132306.24;26.96;14.92
1488132306.25;26.43;16.40
1488132306.26;26.53;15.59
1488132306.27;25.76;16.21
1488132306.28;25.42;17.40
1488132306.29;26.03;15.55
1488132306.30;26.96;14.63
1488132306.31;27.03;12.67
1488132306.32;27.22;13.00
1488132306.33;27.03;12.50
1488132306.34;26.15;12.55
1488132306.35;26.90;11.96
1488132306.36;26.39;12.79
1488132306.37;27.19;11.52
1488132306.38;26.83;10.69
1488132306.39;27.57;9.08
1488132306.40;28.32;11.04
1488132306.41;27.49;11.05
1488132306.42;27.44;11.34
1488132306.43;27.18;11.86
1488132306.44;26.57;9.95
1488132306.45;26.35;11.27
1488132306.46;26.65;12.16
1488132306.47;26.72;12.51
1488132306.48;27.51;11.46
1488132306.49;26.85;12.99
1488132306.50;27.64;12.35
1488132306.51;26.70;13.06
1488132306.52;26.47;12.98
1488132306.53;27.03;11.47
1488132306.54;26.17;9.82
1488132306.55;26.65;11.50
1488132306.56;25.92;11.93
1488132306.57;25.68;12.62
1488132306.58;25.17;11.34
1488132306.59;24.73;9.83
1488132306.60;25.26;9.12
1488132306.61;24.99;8.52
1488132306.62;25.74;7.33
1488132306.63;25.97;8.61
1488132306.64;25.65;7.87
1488132306.65;24.99;7.39
1488132306.66;24.16;5.41
1488132306.67;23.97;4.21
1488132306.68;24.67;3.92
1488132306.69;24.73;4.68
1488132306.70;24.18;2.83
1488132306.71;23.43;4.29
1488132306.72;24.18;2.37
1488132306.73;24.79;4.34
1488132306.74;25.01;6.01
1488132306.75;24.55;6.80
1488132306.76;24.67;5.56
1488132306.77;23.86;5.03
1488132306.78;24.04;6.38
1488132306.79;25.01;6.25
1488132306.80;25.62;4.81
1488132306.81;26.29;3.13
1488132306.82;26.95;3.46
1488132306.83;26.47;4.48
1488132306.84;25.60;6.21
1488132306.85;26.02;5.80
1488132306.86;26.69;6.53
1488132306.87;26.42;8.04
1488132306.88;27.02;9.04
1488132306.89;26.62;10.84
1488132306.90;26.96;11.64
1488132306.91;27.09;11.29
1488132306.92;27.68;9.85
1488132306.93;27.96;9.66
1488132306.94;28.38;9.20
1488132306.95;28.87;8.61
1488132306.96;29.18;6.99
1488132306.97;29.32;7.48
1488132306.98;29.76;9.12
1488132306.99;29.49;10.29
1488132307.00;29.00;8.47
1488132307.01;29.40;7.37
1488132307.02;29.75;5.50
1488132307.03;28.88;6.97
1488132307.04;28.32;7.50
1488132307.05;27.47;5.51
1488132307.06;27.27;5.35
1488132307.07;27.47;6.06
1488132307.08;26.87;7.27
1488132307.09;27.62;7.44
1488132307.10;27.60;6.32
1488132307.11;26.79;7.58
1488132307.12;26.61;9.36
1488132307.13;26.67;9.43
1488132307.14;27.11;11.21
1488132307.15;27.21;9.98
1488132307.16;26.67;8.33
1488132307.17;25.76;8.59
1488132307.18;25.93;8.76
1488132307.19;25.06;6.92
1488132307.20;24.14;5.32
1488132307.21;23.39;4.05
1488132307.22;23.94;4.49
1488132307.23;24.87;4.94
1488132307.24;25.34;6.00
1488132307.25;24.98;4.41
1488132307.26;25.72;4.73
1488132307.27;26.45;5.79
1488132307.28;27.13;4.09
1488132307.29;27.11;5.34
1488132307.30;27.60;5.52
1488132307.31;26.81;6.19
1488132307.32;26.17;4.85
1488132307.33;25.60;4.71
1488132307.34;26.04;5.76
1488132307.35;25.93;4.37
1488132307.36;25.50;4.11
1488132307.37;24.73;3.71
1488132307.38;24.68;2.22
1488132307.39;25.38;0.76
1488132307.40;24.47;-0.09
1488132307.41;25.00;-1.85
1488132307.42;24.87;-0.22
1488132307.43;24.34;-0.67
1488132307.44;23.60;-0.57
1488132307.45;22.86;-2.08
1488132307.46;22.90;-0.85
1488132307.47;23.80;-1.30
1488132307.48;23.78;-3.10
1488132307.49;22.90;-3.30
1488132307.50;23.02;-1.56
1488132307.51;23.74;-0.67
1488132307.52;23.96;-2.18
1488132307.53;24.54;-1.51
1488132307.54;24.45;-2.33
1488132307.55;25.04;-4.28
1488132307.56;25.05;-5.32
1488132307.57;25.80;-4.02
1488132307.58;25.52;-2.89
1488132307.59;24.95;-4.31
1488132307.60;25.91;-2.35
1488132307.61;25.39;-1.54
1488132307.62;25.30;-2.93
1488132307.63;26.06;-2.22
1488132307.64;26.77;-3.43
1488132307.65;25.90;-3.17
1488132307.66;25.08;-3.42
1488132307.67;24.77;-2.82
1488132307.68;25.09;-3.89
1488132307.69;24.55;-4.76
1488132307.70;23.92;-2.83
1488132307.71;24.02;-1.56
1488132307.72;24.01;-2.10
1488132307.73;23.56;-0.17
1488132307.74;23.42;-1.17
1488132307.75;22.79;-2.15
1488132307.76;23.28;-1.56
1488132307.77;23.43;-1.87
1488132307.78;22.58;-0.82
1488132307.79;22.37;-2.40
1488132307.80;22.86;-2.59
1488132307.81;22.19;-1.39
1488132307.82;22.99;-0.14
1488132307.83;23.15;-0.59
1488132307.84;22.27;1.32
1488132307.85;22.75;2.04
1488132307.86;21.98;1.25
1488132307.87;21.02;-0.37
1488132307.88;21.65;-0.27
1488132307.89;20.69;1.46
1488132307.90;21.25;0.88
1488132307.91;20.48;2.67
1488132307.92;20.68;1.40
1488132307.93;19.69;2.37
1488132307.94;20.04;3.75
1488132307.95;20.39;4.57
1488132307.96;21.25;3.19
1488132307.97;22.22;3.65
1488132307.98;22.13;5.27
1488132307.99;22.06;4.85
1488132308.00;22.14;3.47
1488132308.01;22.85;3.90
1488132308.02;22.41;4.41
1488132308.03;23.36;3.12
1488132308.04;23.82;3.91
1488132308.05;23.50;4.03
1488132308.06;22.51;2.13
1488132308.07;23.34;1.95
1488132308.08;24.29;0.32
1488132308.09;23.68;2.25
1488132308.10;23.13;3.60
1488132308.11;22.79;2.17
1488132308.12;22.79;1.01
1488132308.13;23.76;2.84
1488132308.14;23.31;3.37
1488132308.15;22.45;1.66
1488132308.16;21.86;2.64
1488132308.17;22.79;4.45
1488132308.18;22.08;4.41
1488132308.19;21.46;3.71
1488132308.20;20.48;3.26
1488132308.21;21.34;2.60
1488132308.22;21.90;2.58
1488132308.23;22.08;0.68
1488132308.24;23.06;1.39
1488132308.25;23.85;-0.40
1488132308.26;24.50;-1.14
1488132308.27;23.77;-1.11
1488132308.28;23.66;-0.84
1488132308.29;22.84;-0.20
1488132308.30;23.22;0.16
1488132308.31;22.98;-0.21
1488132308.32;23.87;0.92
1488132308.33;23.51;0.74
1488132308.34;23.20;0.42
1488132308.35;23.92;0.15
1488132308.36;23.07;1.32
1488132308.37;22.56;1.58
1488132308.38;22.31;2.45
1488132308.39;21.66;2.98
1488132308.40;21.48;1.19
1488132308.41;20.73;0.52
1488132308.42;20.59;1.53
1488132308.43;20.82;2.17
1488132308.44;21.76;3.77
1488132308.45;21.35;2.15
1488132308.46;21.98;1.69
1488132308.47;22.47;1.91
1488132308.48;22.16;-0.06
1488132308.49;23.14;0.87
1488132308.50;22.92;1.89
1488132308.51;23.89;1.07
1488132308.52;24.82;2.47
1488132308.53;24.81;1.02
1488132308.54;25.16;2.58
1488132308.55;24.70;4.07
1488132308.56;23.93;4.82
1488132308.57;24.79;3.63
1488132308.58;24.73;3.30
1488132308.59;24.67;1.77
1488132308.60;24.95;3.52
1488132308.61;24.74;3.91
1488132308.62;24.88;3.41
1488132308.63;25.05;3.33
1488132308.64;24.21;2.23
1488132308.65;23.92;4.00
1488132308.66;23.24;5.49
1488132308.67;24.00;3.90
1488132308.68;23.04;1.97
1488132308.69;22.41;0.00
1488132308.70;21.68;1.71
1488132308.71;21.31;1.48
1488132308.72;20.46;1.79
1488132308.73;21.05;-0.13
1488132308.74;20.43;0.35
1488132308.75;20.97;-1.55
1488132308.76;20.43;-1.21
1488132308.77;19.67;-0.24
1488132308.78;20.26;-1.10
1488132308.79;20.88;-2.82
1488132308.80;21.64;-4.28
1488132308.81;21.42;-4.22
1488132308.82;21.04;-2.36
1488132308.83;21.04;-1.75
1488132308.84;20.90;-1.44
1488132308.85;20.09;-2.43
1488132308.86;20.44;-2.78
1488132308.87;20.65;-2.84
1488132308.88;21.24;-3.78
1488132308.89;21.74;-2.72
1488132308.90;22.12;-2.40
1488132308.91;22.22;-2.60
1488132308.92;21.98;-3.16
1488132308.93;21.25;-3.85
1488132308.94;20.92;-2.94
1488132308.95;20.78;-3.63
1488132308.96;21.02;-2.43
1488132308.97;20.45;-3.52
1488132308.98;21.05;-3.62
1488132308.99;21.40;-2.26
1488132309.00;21.25;-0.55
1488132309.01;20.90;-1.48
1488132309.02;20.48;-1.33
1488132309.03;20.25;-2.82
1488132309.04;21.11;-2.57
1488132309.05;20.65;-1.94
1488132309.06;19.69;-2.95
1488132309.07;20.12;-0.99
1488132309.08;21.01;-1.54
1488132309.09;20.94;-0.76
1488132309.10;21.10;0.32
1488132309.11;21.78;-0.64
1488132309.12;21.16;0.06
1488132309.13;20.62;-0.95
1488132309.14;20.16;0.74
1488132309.15;19.68;-0.79
1488132309.16;20.21;-1.18
1488132309.17;20.10;0.69
1488132309.18;19.28;0.44
1488132309.19;19.82;0.04
1488132309.20;19.05;-1.23
1488132309.21;18.32;-3.06
1488132309.22;17.81;-1.46
1488132309.23;18.16;0.49
1488132309.24;17.70;-0.10
1488132309.25;17.32;0.53
1488132309.26;16.90;-0.93
1488132309.27;16.68;-1.36
1488132309.28;17.15;-0.96
1488132309.29;17.30;-0.92
1488132309.30;16.84;0.71
1488132309.31;17.51;2.06
1488132309.32;18.43;3.26
1488132309.33;17.77;3.65
1488132309.34;18.47;1.84
1488132309.35;19.11;1.40
1488132309.36;18.61;-0.15
1488132309.37;19.46;-0.96
1488132309.38;19.87;0.55
1488132309.39;20.65;1.61
1488132309.40;21.52;1.67
1488132309.41;21.02;2.41
1488132309.42;20.89;3.72
1488132309.43;20.01;3.70
1488132309.44;19.71;2.57
1488132309.45;20.18;2.95
1488132309.46;19.91;1.38
1488132309.47;20.24;2.54
1488132309.48;20.55;4.30
1488132309.49;19.71;5.99
1488132309.50;20.01;7.82
1488132309.51;19.27;8.26
1488132309.52;18.77;8.00
1488132309.53;19.09;7.35
1488132309.54;19.06;7.42
1488132309.55;19.08;8.27
1488132309.56;19.17;9.05
1488132309.57;19.36;9.31
1488132309.58;18.92;9.53
1488132309.59;19.68;10.92
1488132309.60;19.23;11.56
1488132309.61;19.83;9.71
1488132309.62;19.76;8.48
1488132309.63;19.70;8.83
1488132309.64;19.35;9.99
1488132309.65;18.74;8.13
1488132309.66;19.40;8.40
1488132309.67;19.51;9.51
1488132309.68;18.71;9.69
1488132309.69;19.51;9.71
1488132309.70;18.69;8.38
1488132309.71;18.47;10.24
1488132309.72;19.35;8.25
1488132309.73;19.77;8.55
1488132309.74;20.22;10.34
1488132309.75;19.81;10.26
1488132309.76;20.57;8.78
1488132309.77;20.38;9.86
1488132309.78;20.70;10.63
1488132309.79;21.65;12.23
1488132309.80;21.91;10.36
1488132309.81;21.18;10.61
1488132309.82;21.96;11.29
1488132309.83;22.10;10.79
1488132309.84;23.07;11.59
1488132309.85;22.55;9.81
1488132309.86;22.40;8.46
1488132309.87;22.78;7.98
1488132309.88;22.27;8.76
1488132309.89;23.03;7.19
1488132309.90;23.44;8.90
1488132309.91;24.02;7.62
1488132309.92;24.72;6.09
1488132309.93;25.61;8.01
1488132309.94;24.76;9.85
1488132309.95;25.61;9.37
1488132309.96;25.13;8.66
1488132309.97;25.86;9.42
1488132309.98;25.57;10.48
1488132309.99;25.66;8.53
1488132310.00;26.51;6.58
1488132310.01;25.61;4.97
1488132310.02;25.34;6.18
1488132310.03;25.31;7.81
1488132310.04;24.47;7.22
1488132310.05;25.23;7.12
1488132310.06;26.17;7.29
1488132310.07;26.45;6.23
1488132310.08;27.43;5.25
1488132310.09;26.54;6.43
1488132310.10;26.87;5.09
1488132310.11;26.81;4.50
1488132310.12;26.35;6.07
1488132310.13;27.17;4.66
1488132310.14;27.30;2.69
1488132310.15;26.80;1.33
1488132310.16;27.16;1.13
1488132310.17;26.89;2.90
1488132310.18;26.78;2.40
1488132310.19;26.05;1.43
1488132310.20;26.47;0.91
1488132310.21;26.88;0.09
1488132310.22;26.73;-1.22
1488132310.23;26.23;-2.42
1488132310.24;25.95;-0.65
1488132310.25;24.99;0.57
1488132310.26;25.37;-0.49
1488132310.27;25.91;-1.78
1488132310.28;25.36;-2.58
1488132310.29;24.47;-1.64
1488132310.30;23.89;-0.13
1488132310.31;24.32;1.53
1488132310.32;23.77;-0.15
1488132310.33;24.74;-1.36
1488132310.34;24.16;-0.80
1488132310.35;24.92;0.43
1488132310.36;25.22;-0.46
1488132310.37;26.18;-1.82
1488132310.38;26.17;-1.01
1488132310.39;26.50;-1.36
1488132310.40;25.70;0.15
1488132310.41;25.25;1.79
1488132310.42;25.75;2.11
1488132310.43;26.66;1.86
1488132310.44;26.84;1.46
1488132310.45;27.77;0.84
1488132310.46;28.33;1.74
1488132310.47;28.98;2.98
1488132310.48;29.72;2.31
1488132310.49;30.34;0.78
1488132310.50;30.24;0.97
1488132310.51;30.63;2.74
1488132310.52;31.34;3.24
1488132310.53;32.26;3.84
1488132310.54;32.62;2.30
1488132310.55;33.32;3.41
1488132310.56;34.12;2.35
1488132310.57;34.54;2.76
1488132310.58;34.82;1.41
1488132310.59;35.07;3.17
1488132310.60;34.94;3.69
1488132310.61;33.97;4.67
1488132310.62;33.74;5.23
1488132310.63;33.51;4.24
1488132310.64;33.45;4.91
1488132310.65;34.15;6.06
1488132310.66;33.56;4.89
1488132310.67;34.17;4.12
1488132310.68;34.73;4.17
1488132310.69;34.17;4.55
1488132310.70;35.12;5.87
1488132310.71;34.74;4.73
1488132310.72;34.37;5.26
1488132310.73;35.27;6.68
1488132310.74;36.13;7.35
1488132310.75;35.98;7.36
1488132310.76;36.47;7.35
1488132310.77;36.21;7.53
1488132310.78;35.42;5.64
1488132310.79;36.41;4.90
1488132310.80;36.17;4.13
1488132310.81;36.43;5.50
1488132310.82;36.85;4.28
1488132310.83;37.13;3.86
1488132310.84;36.23;5.67
1488132310.85;35.57;5.26
1488132310.86;35.24;6.39
1488132310.87;35.24;8.20
1488132310.88;34.88;7.14
1488132310.89;35.46;7.73
1488132310.90;36.00;7.92
1488132310.91;35.69;7.04
1488132310.92;35.48;6.05
1488132310.93;35.19;6.80
1488132310.94;35.83;8.80
1488132310.95;35.77;7.94
1488132310.96;36.68;7.58
1488132310.97;37.17;7.41
1488132310.98;36.87;7.45
1488132310.99;35.92;6.28
1488132311.00;35.87;5.18
1488132311.01;36.39;5.51
1488132311.02;35.60;7.02
1488132311.03;35.12;5.30
1488132311.04;34.79;6.80
1488132311.05;35.03;5.49
1488132311.06;34.47;6.76
1488132311.07;34.64;6.93
1488132311.08;35.04;5.47
1488132311.09;34.05;4.92
1488132311.10;33.71;4.77
1488132311.11;34.05;3.89
1488132311.12;34.84;3.99
1488132311.13;34.25;5.98
1488132311.14;35.05;4.26
1488132311.15;36.00;4.28
1488132311.16;36.35;2.59
1488132311.17;36.65;1.94
1488132311.18;37.18;3.78
1488132311.19;37.87;2.62
1488132311.20;37.27;0.85
1488132311.21;37.28;2.08
1488132311.22;36.96;0.71
1488132311.23;36.01;0.59
1488132311.24;36.27;2.01
1488132311.25;35.42;1.68
1488132311.26;36.42;1.39
1488132311.27;37.06;-0.10
1488132311.28;37.56;-0.70
1488132311.29;38.54;0.76
1488132311.30;38.08;1.61
1488132311.31;38.94;0.10
1488132311.32;38.88;0.29
1488132311.33;38.02;1.51
1488132311.34;38.76;2.96
1488132311.35;38.44;1.06
1488132311.36;37.88;-0.71
1488132311.37;38.88;-0.81
1488132311.38;37.92;-2.44
1488132311.39;38.61;-1.92
1488132311.40;38.06;-1.25
1488132311.41;38.28;0.62
1488132311.42;37.66;2.20
1488132311.43;38.32;3.08
1488132311.44;37.33;2.73
1488132311.45;37.34;1.78
1488132311.46;38.22;2.88
1488132311.47;37.79;4.08
1488132311.48;37.15;5.36
1488132311.49;37.43;3.36
1488132311.50;38.12;2.46
1488132311.51;37.20;3.42
1488132311.52;37.10;5.01
1488132311.53;37.98;4.66
1488132311.54;38.34;4.03
1488132311.55;38.84;2.21
1488132311.56;37.97;3.68
1488132311.57;38.77;4.64
1488132311.58;38.89;5.49
1488132311.59;39.39;5.67
1488132311.60;39.98;6.15
1488132311.61;40.43;6.70
1488132311.62;40.69;5.60
1488132311.63;40.05;6.23
1488132311.64;40.26;7.94
1488132311.65;40.16;7.34
1488132311.66;39.71;8.70
1488132311.67;38.89;8.38
1488132311.68;39.39;8.58
1488132311.69;39.72;10.21
1488132311.70;40.14;9.88
1488132311.71;40.48;10.03
1488132311.72;39.73;9.81
1488132311.73;40.33;10.31
1488132311.74;40.88;9.99
1488132311.75;40.60;11.60
1488132311.76;40.65;11.57
1488132311.77;41.06;12.99
1488132311.78;40.84;11.52
1488132311.79;40.45;9.57
1488132311.80;41.28;8.43
1488132311.81;40.87;7.53
1488132311.82;40.52;9.25
1488132311.83;39.57;10.78
1488132311.84;39.09;11.99
1488132311.85;38.92;10.57
1488132311.86;39.28;9.48
1488132311.87;39.69;9.40
1488132311.88;39.11;9.14
1488132311.89;38.83;8.48
1488132311.90;38.73;8.99
1488132311.91;38.24;9.59
1488132311.92;37.25;11.15
1488132311.93;36.79;10.11
1488132311.94;36.45;10.14
1488132311.95;36.66;9.90
1488132311.96;36.49;9.41
1488132311.97;36.30;8.62
1488132311.98;36.67;7.49
1488132311.99;36.21;7.04
1488132312.00;37.04;7.33
1488132312.01;36.35;7.81
1488132312.02;35.81;7.79
1488132312.03;36.71;5.96
1488132312.04;36.42;6.39
1488132312.05;36.71;6.36
1488132312.06;37.33;7.99
1488132312.07;36.90;7.76
1488132312.08;36.77;6.17
1488132312.09;37.07;5.69
1488132312.10;36.12;7.65
1488132312.11;35.35;5.67
1488132312.12;35.20;5.29
1488132312.13;35.47;3.96
1488132312.14;35.06;2.87
1488132312.15;35.77;4.06
1488132312.16;34.83;4.41
1488132312.17;35.34;5.33
1488132312.18;34.85;5.15
1488132312.19;34.34;4.28
1488132312.20;34.00;4.15
1488132312.21;34.98;6.00
1488132312.22;35.16;5.35
1488132312.23;35.83;5.53
1488132312.24;34.85;6.39
1488132312.25;34.00;5.86
1488132312.26;34.87;5.76
1488132312.27;35.24;6.83
1488132312.28;34.93;7.17
1488132312.29;35.12;5.26
1488132312.30;35.07;3.81
1488132312.31;34.46;3.03
1488132312.32;34.75;3.26
1488132312.33;35.31;3.07
1488132312.34;35.13;4.34
1488132312.35;36.09;4.06
1488132312.36;36.37;2.36
1488132312.37;35.86;1.76
1488132312.38;36.26;1.15
1488132312.39;35.96;1.77
1488132312.40;36.01;1.48
1488132312.41;36.77;0.57
1488132312.42;35.86;-1.17
1488132312.43;35.60;-2.58
1488132312.44;34.85;-0.77
1488132312.45;34.92;-0.30
1488132312.46;34.95;0.09
1488132312.47;34.11;1.69
1488132312.48;34.27;0.89
1488132312.49;34.12;2.50
1488132312.50;34.03;4.11
1488132312.51;33.04;6.03
1488132312.52;32.94;6.10
1488132312.53;33.92;5.47
1488132312.54;33.59;4.14
1488132312.55;34.11;2.87
1488132312.56;34.70;3.71
1488132312.57;34.73;4.07
1488132312.58;35.00;5.74
1488132312.59;34.22;5.79
1488132312.60;34.87;5.18
1488132312.61;35.19;6.47
1488132312.62;34.95;5.36
1488132312.63;35.32;3.85
1488132312.64;35.40;2.59
1488132312.65;34.95;1.42
1488132312.66;34.32;3.18
1488132312.67;33.56;4.33
1488132312.68;32.81;3.02
1488132312.69;32.61;2.68
1488132312.70;33.49;0.90
1488132312.71;34.18;0.21
1488132312.72;34.81;0.33
1488132312.73;34.29;1.85
1488132312.74;35.11;3.60
1488132312.75;35.19;5.59
1488132312.76;34.49;5.38
1488132312.77;34.48;5.37
1488132312.78;35.39;6.86
1488132312.79;35.49;5.40
1488132312.80;35.13;6.56
1488132312.81;34.52;5.11
1488132312.82;35.02;5.42
1488132312.83;34.16;4.42
1488132312.84;34.14;6.40
1488132312.85;33.60;7.86
1488132312.86;32.98;6.17
1488132312.87;33.14;5.45
1488132312.88;33.07;6.76
1488132312.89;33.83;7.34
1488132312.90;34.58;6.99
1488132312.91;34.58;7.02
1488132312.92;33.99;7.75
1488132312.93;33.18;7.93
1488132312.94;32.71;6.88
1488132312.95;33.47;6.58
1488132312.96;33.12;5.51
1488132312.97;32.41;5.62
1488132312.98;32.93;6.50
1488132312.99;32.55;7.39
1488132313.00;33.20;7.84
1488132313.01;34.11;8.07
1488132313.02;33.60;6.97
1488132313.03;34.34;6.43
1488132313.04;34.59;6.51
1488132313.05;35.03;5.49
1488132313.06;34.79;3.70
1488132313.07;34.54;4.38
1488132313.08;34.65;4.95
1488132313.09;35.54;3.46
1488132313.10;35.84;2.14
1488132313.11;36.39;0.73
1488132313.12;35.74;1.53
1488132313.13;35.72;2.69
1488132313.14;35.43;0.77
1488132313.15;34.74;-0.99
1488132313.16;35.55;-2.79
1488132313.17;36.52;-3.71
1488132313.18;37.45;-4.32
1488132313.19;36.63;-3.64
1488132313.20;37.25;-4.81
1488132313.21;37.18;-5.33
1488132313.22;38.12;-4.31
1488132313.23;37.72;-5.40
1488132313.24;36.91;-6.98
1488132313.25;37.25;-7.35
1488132313.26;36.88;-6.87
1488132313.27;36.64;-7.24
1488132313.28;35.90;-6.89
1488132313.29;35.67;-8.15
1488132313.30;34.78;-7.10
1488132313.31;35.02;-9.04
1488132313.32;34.53;-10.98
1488132313.33;34.76;-10.64
1488132313.34;34.47;-10.93
1488132313.35;34.97;-9.14
1488132313.36;34.84;-9.87
1488132313.37;34.99;-9.23
1488132313.38;35.14;-9.55
1488132313.39;34.82;-9.97
1488132313.40;33.98;-11.18
1488132313.41;33.49;-12.87
1488132313.42;32.77;-11.93
1488132313.43;32.89;-12.20
1488132313.44;32.43;-12.78
1488132313.45;31.98;-12.17
1488132313.46;31.60;-10.35
1488132313.47;31.37;-11.07
1488132313.48;31.59;-12.92
1488132313.49;31.03;-14.29
1488132313.50;31.17;-15.00
1488132313.51;31.92;-14.63
1488132313.52;31.71;-14.00
1488132313.53;31.87;-15.85
1488132313.54;32.49;-14.36
1488132313.55;32.90;-14.92
1488132313.56;33.51;-13.57
1488132313.57;33.16;-15.07
1488132313.58;33.92;-16.79
1488132313.59;34.50;-17.67
1488132313.60;35.32;-19.19
1488132313.61;36.00;-17.26
1488132313.62;35.97;-15.50
1488132313.63;35.93;-17.47
1488132313.64;36.29;-18.42
1488132313.65;36.74;-18.62
1488132313.66;37.34;-17.04
1488132313.67;37.97;-15.31
1488132313.68;38.06;-16.28
1488132313.69;38.71;-15.49
1488132313.70;38.86;-13.97
1488132313.71;37.99;-15.81
1488132313.72;38.09;-15.45
1488132313.73;37.83;-16.56
1488132313.74;37.45;-15.15
1488132313.75;37.09;-15.42
1488132313.76;37.96;-15.88
1488132313.77;37.21;-16.15
1488132313.78;36.83;-14.88
1488132313.79;36.02;-14.25
1488132313.80;35.93;-14.92
1488132313.81;35.88;-14.77
1488132313.82;36.84;-14.87
1488132313.83;37.14;-14.84
1488132313.84;37.31;-14.79
1488132313.85;38.09;-13.45
1488132313.86;37.93;-12.88
1488132313.87;37.71;-13.70
1488132313.88;37.39;-15.51
1488132313.89;37.01;-15.00
1488132313.90;36.35;-13.76
1488132313.91;36.62;-15.42
1488132313.92;37.31;-16.91
1488132313.93;36.97;-18.79
1488132313.94;36.82;-18.34
1488132313.95;37.23;-16.62
1488132313.96;37.17;-18.38
1488132313.97;37.26;-19.63
1488132313.98;36.70;-18.21
1488132313.99;36.87;-20.03
1488132314.00;36.41;-21.11
1488132314.01;35.87;-22.23
1488132314.02;36.27;-20.86
1488132314.03;35.33;-19.06
1488132314.04;34.54;-17.48
1488132314.05;34.11;-16.51
1488132314.06;34.50;-14.99
1488132314.07;34.59;-14.92
1488132314.08;33.67;-13.15
1488132314.09;33.29;-14.28
1488132314.10;33.52;-12.67
1488132314.11;34.44;-13.82
1488132314.12;34.12;-13.45
1488132314.13;34.39;-12.27
1488132314.14;33.41;-11.74
1488132314.15;34.35;-9.94
1488132314.16;34.99;-11.48
1488132314.17;34.52;-12.58
1488132314.18;35.34;-10.88
1488132314.19;35.89;-9.33
1488132314.20;36.63;-9.84
1488132314.21;36.79;-9.36
1488132314.22;37.25;-9.99
1488132314.23;36.43;-8.15
1488132314.24;35.43;-6.91
1488132314.25;34.50;-5.52
1488132314.26;35.26;-4.70
1488132314.27;36.19;-5.95
1488132314.28;37.13;-4.26
1488132314.29;37.59;-5.70
1488132314.30;38.38;-4.07
1488132314.31;37.96;-3.35
1488132314.32;37.58;-1.82
1488132314.33;38.00;-1.57
1488132314.34;38.62;-1.62
1488132314.35;39.03;-0.27
1488132314.36;39.27;1.40
1488132314.37;38.50;-0.34
1488132314.38;38.91;-0.64
1488132314.39;38.62;-0.47
1488132314.40;39.12;-0.45
1488132314.41;38.98;0.63
1488132314.42;38.17;2.43
1488132314.43;39.12;1.23
1488132314.44;39.41;2.23
1488132314.45;39.98;2.21
1488132314.46;39.08;2.70
1488132314.47;38.20;2.94
1488132314.48;37.83;1.03
1488132314.49;38.73;1.14
1488132314.50;37.74;0.40
1488132314.51;37.25;-0.08
1488132314.52;37.20;0.35
1488132314.53;36.92;0.74
1488132314.54;37.20;2.10
1488132314.55;36.58;1.07
1488132314.56;36.82;2.85
1488132314.57;37.19;3.16
1488132314.58;36.53;2.15
1488132314.59;36.07;2.86
1488132314.60;36.42;2.62
1488132314.61;35.47;1.11
1488132314.62;34.76;-0.46
1488132314.63;35.54;1.04
1488132314.64;36.37;0.22
1488132314.65;35.77;-1.70
1488132314.66;35.87;-2.42
1488132314.67;36.14;-4.08
1488132314.68;36.48;-2.24
1488132314.69;36.94;-2.93
1488132314.70;36.45;-4.16
1488132314.71;35.61;-3.41
1488132314.72;35.23;-4.88
1488132314.73;35.94;-6.22
1488132314.74;36.83;-7.16
1488132314.75;37.67;-5.59
1488132314.76;37.05;-6.17
1488132314.77;36.75;-4.41
1488132314.78;35.87;-4.71
1488132314.79;34.99;-5.64
1488132314.80;34.34;-4.69
1488132314.81;35.24;-5.84
1488132314.82;34.93;-4.99
1488132314.83;35.11;-6.97
1488132314.84;35.35;-7.11
1488132314.85;34.84;-6.78
1488132314.86;35.77;-5.36
1488132314.87;35.40;-5.13
1488132314.88;36.35;-3.84
1488132314.89;36.78;-3.44
1488132314.90;36.45;-2.69
1488132314.91;35.75;-4.38
1488132314.92;35.41;-2.80
1488132314.93;36.21;-2.17
1488132314.94;35.40;-1.22
1488132314.95;36.00;-1.58
1488132314.96;36.00;0.23
1488132314.97;35.01;-0.87
1488132314.98;34.67;-1.87
1488132314.99;34.10;-1.01
1488132315.00;34.56;-1.04
1488132315.01;34.61;-2.56
1488132315.02;33.95;-2.30
1488132315.03;33.21;-0.30
1488132315.04;33.91;-1.41
1488132315.05;34.71;-2.92
1488132315.06;33.87;-3.21
1488132315.07;32.99;-1.30
1488132315.08;33.53;-0.76
1488132315.09;34.10;-0.64
1488132315.10;34.50;1.20
1488132315.11;34.96;1.55
1488132315.12;34.61;0.26
1488132315.13;33.74;0.70
1488132315.14;33.83;-0.95
1488132315.15;33.81;-1.07
1488132315.16;34.37;-0.36
1488132315.17;34.51;-0.97
1488132315.18;34.87;0.73
1488132315.19;35.18;1.98
1488132315.20;34.99;2.39
1488132315.21;34.98;4.06
1488132315.22;34.29;5.41
1488132315.23;35.01;5.33
1488132315.24;35.90;4.82
1488132315.25;36.24;4.22
1488132315.26;36.14;2.99
1488132315.27;35.81;4.81
1488132315.28;35.50;6.18
1488132315.29;36.22;4.57
1488132315.30;36.05;3.72
1488132315.31;36.59;4.37
1488132315.32;36.50;4.74
1488132315.33;36.79;2.95
1488132315.34;37.33;4.73
1488132315.35;38.14;5.53
1488132315.36;38.73;4.50
1488132315.37;38.03;5.18
1488132315.38;38.35;6.48
1488132315.39;37.83;6.64
1488132315.40;37.44;6.02
1488132315.41;38.12;5.58
1488132315.42;38.45;5.14
1488132315.43;38.29;7.12
1488132315.44;38.11;5.26
1488132315.45;37.59;3.79
1488132315.46;37.87;5.20
1488132315.47;37.65;5.53
1488132315.48;37.08;6.29
1488132315.49;36.64;7.85
1488132315.50;36.07;8.84
1488132315.51;37.03;8.80
1488132315.52;37.21;8.73
1488132315.53;38.11;10.12
1488132315.54;38.21;8.68
1488132315.55;37.30;9.96
1488132315.56;37.03;8.02
1488132315.57;36.23;8.63
1488132315.58;35.52;7.95
1488132315.59;35.62;9.25
1488132315.60;36.56;9.00
1488132315.61;36.68;10.73
1488132315.62;36.91;9.56
1488132315.63;36.66;7.77
1488132315.64;37.24;9.31
1488132315.65;38.18;8.72
1488132315.66;38.38;10.66
1488132315.67;39.13;9.21
1488132315.68;38.49;7.30
1488132315.69;39.38;7.18
1488132315.70;38.96;5.69
1488132315.71;38.45;3.71
1488132315.72;37.73;3.43
1488132315.73;38.51;3.31
1488132315.74;37.81;4.43
1488132315.75;37.13;4.09
1488132315.76;36.64;3.35
1488132315.77;36.76;4.28
1488132315.78;36.97;5.39
1488132315.79;36.96;7.10
1488132315.80;37.60;8.28
1488132315.81;37.90;6.65
1488132315.82;38.50;5.64
1488132315.83;39.02;7.14
1488132315.84;38.37;8.66
1488132315.85;37.51;8.81
1488132315.86;36.81;9.02
1488132315.87;36.63;9.86
1488132315.88;37.40;9.87
1488132315.89;37.01;10.45
1488132315.90;36.48;9.78
1488132315.91;37.20;8.95
1488132315.92;37.24;6.98
1488132315.93;37.51;8.90
1488132315.94;37.60;8.90
1488132315.95;38.03;9.34
1488132315.96;37.60;7.53
1488132315.97;36.67;8.77
1488132315.98;35.97;10.60
1488132315.99;36.24;12.55
1488132316.00;37.23;13.20
1488132316.01;36.76;12.99
1488132316.02;36.54;14.48
1488132316.03;37.32;15.00
1488132316.04;36.92;13.27
1488132316.05;37.23;12.71
1488132316.06;36.40;14.43
1488132316.07;35.47;13.78
1488132316.08;34.66;15.47
1488132316.09;35.00;16.18
1488132316.10;35.47;16.68
1488132316.11;36.00;17.99
1488132316.12;36.71;18.00
1488132316.13;37.12;19.85
1488132316.14;37.30;21.65
1488132316.15;36.73;20.96
1488132316.16;36.00;22.21
1488132316.17;36.11;23.30
1488132316.18;36.67;22.18
1488132316.19;36.67;21.46
1488132316.20;37.07;19.81
1488132316.21;36.28;19.11
1488132316.22;36.70;19.09
1488132316.23;37.20;17.66
1488132316.24;37.42;19.57
1488132316.25;38.07;19.22
1488132316.26;38.57;19.87
1488132316.27;39.41;20.74
1488132316.28;40.24;21.22
1488132316.29;40.21;22.35
1488132316.30;40.02;21.99
1488132316.31;40.49;20.55
1488132316.32;39.54;21.46
1488132316.33;39.10;22.36
1488132316.34;38.35;22.57
1488132316.35;38.03;24.19
1488132316.36;37.65;25.27
1488132316.37;36.81;25.69
1488132316.38;37.61;25.49
1488132316.39;37.31;25.44
1488132316.40;37.40;25.50
1488132316.41;37.06;25.97
1488132316.42;37.74;27.10
1488132316.43;37.18;26.19
1488132316.44;37.77;26.24
1488132316.45;38.46;27.91
1488132316.46;38.45;27.24
1488132316.47;39.35;27.47
1488132316.48;39.73;25.79
1488132316.49;39.19;24.55
1488132316.50;39.95;26.28
1488132316.51;39.71;25.29
1488132316.52;38.95;25.58
1488132316.53;39.61;26.95
1488132316.54;40.24;27.31
1488132316.55;39.57;29.06
1488132316.56;39.24;28.16
1488132316.57;39.74;29.15
1488132316.58;40.13;29.78
1488132316.59;39.55;28.29
1488132316.60;40.53;28.41
1488132316.61;41.46;27.85
1488132316.62;42.34;29.84
1488132316.63;42.88;29.87
1488132316.64;42.37;28.16
1488132316.65;42.26;27.85
1488132316.66;42.18;29.68
1488132316.67;41.21;30.68
1488132316.68;41.08;30.75
1488132316.69;41.17;32.64
1488132316.70;41.57;30.94
1488132316.71;41.14;29.84
1488132316.72;40.45;30.62
1488132316.73;39.70;28.80
1488132316.74;39.37;30.08
1488132316.75;39.57;29.74
1488132316.76;39.32;29.62
1488132316.77;38.91;30.88
1488132316.78;38.76;32.25
1488132316.79;39.34;33.67
1488132316.80;39.85;33.71
1488132316.81;39.93;34.78
1488132316.82;40.30;36.47
1488132316.83;41.00;37.98
1488132316.84;40.34;37.09
1488132316.85;40.79;36.85
1488132316.86;41.04;37.41
1488132316.87;41.68;38.19
1488132316.88;42.05;37.91
1488132316.89;41.72;38.05
1488132316.90;42.00;39.35
1488132316.91;42.17;41.03
1488132316.92;43.13;41.33
1488132316.93;42.29;40.91
1488132316.94;42.77;41.57
1488132316.95;42.74;40.32
1488132316.96;42.68;41.84
1488132316.97;42.05;41.20
1488132316.98;41.69;40.27
1488132316.99;41.46;38.50
1488132317.00;41.48;39.23
1488132317.01;41.96;37.85
1488132317.02;41.18;37.35
1488132317.03;41.73;38.92
1488132317.04;41.06;40.35
1488132317.05;40.79;40.05
1488132317.06;40.90;40.36
1488132317.07;40.23;41.32
1488132317.08;41.20;40.81
1488132317.09;41.02;42.74
1488132317.10;40.87;42.48
1488132317.11;41.49;43.94
1488132317.12;42.40;44.14
1488132317.13;41.67;43.67
1488132317.14;42.20;43.98
1488132317.15;42.65;44.01
1488132317.16;43.41;43.70
1488132317.17;44.12;43.01
1488132317.18;44.20;41.63
1488132317.19;43.75;40.56
1488132317.20;44.50;38.98
1488132317.21;43.58;38.31
1488132317.22;42.61;36.66
1488132317.23;43.53;36.30
1488132317.24;43.61;35.19
1488132317.25;44.52;34.75
1488132317.26;44.17;36.51
1488132317.27;43.40;38.11
1488132317.28;44.19;36.17
1488132317.29;43.52;34.95
1488132317.30;43.55;35.59
1488132317.31;43.56;33.87
1488132317.32;42.91;32.72
1488132317.33;43.72;31.41
1488132317.34;44.69;32.00
1488132317.35;44.50;31.36
1488132317.36;44.98;31.76
1488132317.37;44.69;32.67
1488132317.38;44.83;34.17
1488132317.39;44.96;33.31
1488132317.40;44.79;33.26
1488132317.41;45.17;32.96
1488132317.42;44.37;32.12
1488132317.43;45.01;33.81
1488132317.44;45.05;32.11
1488132317.45;45.01;32.17
1488132317.46;44.96;32.32
1488132317.47;44.37;32.41
1488132317.48;43.81;32.47
1488132317.49;44.38;30.92
1488132317.50;45.04;32.48
1488132317.51;45.61;31.68
1488132317.52;44.86;33.33
1488132317.53;45.78;31.37
1488132317.54;46.31;31.01
1488132317.55;45.91;29.42
1488132317.56;45.91;30.55
1488132317.57;45.49;30.17
1488132317.58;46.08;30.42
1488132317.59;45.29;31.35
1488132317.60;46.10;31.63
1488132317.61;45.19;31.73
1488132317.62;44.42;31.97
1488132317.63;44.50;32.94
1488132317.64;44.73;34.42
1488132317.65;43.95;36.15
1488132317.66;43.91;34.74
1488132317.67;44.43;36.29
1488132317.68;43.83;35.00
1488132317.69;44.04;33.25
1488132317.70;44.77;33.81
1488132317.71;44.77;31.95
1488132317.72;44.95;31.96
1488132317.73;44.68;32.50
1488132317.74;43.90;32.08
1488132317.75;43.33;31.11
1488132317.76;44.28;31.57
1488132317.77;44.28;29.60
1488132317.78;44.18;29.97
1488132317.79;43.99;29.67
1488132317.80;44.07;28.93
1488132317.81;44.54;29.46
1488132317.82;43.73;27.79
1488132317.83;43.77;26.10
1488132317.84;44.01;24.45
1488132317.85;43.47;24.40
1488132317.86;43.63;26.05
1488132317.87;43.82;24.44
1488132317.88;44.19;24.10
1488132317.89;44.24;24.72
1488132317.90;44.12;26.60
1488132317.91;44.65;27.11
1488132317.92;45.32;28.68
1488132317.93;44.47;28.36
1488132317.94;45.46;29.55
1488132317.95;45.68;31.08
1488132317.96;45.17;29.44
1488132317.97;44.83;31.08
1488132317.98;44.26;31.06
1488132317.99;44.22;30.82
1488132318.00;44.25;31.36
1488132318.01;45.02;31.99
1488132318.02;44.90;32.40
1488132318.03;45.20;32.98
1488132318.04;44.58;32.90
1488132318.05;43.76;31.68
1488132318.06;43.95;33.31
1488132318.07;44.13;32.49
1488132318.08;43.71;33.71
1488132318.09;44.45;34.91
1488132318.10;43.93;33.17
1488132318.11;44.35;32.82
1488132318.12;44.82;31.79
1488132318.13;45.64;30.04
1488132318.14;46.51;29.27
1488132318.15;46.67;29.77
1488132318.16;45.99;30.57
1488132318.17;45.94;31.10
1488132318.18;45.06;31.71
1488132318.19;45.54;30.34
1488132318.20;46.46;31.55
1488132318.21;45.77;32.27
1488132318.22;45.70;31.64
1488132318.23;45.93;32.57
1488132318.24;45.59;33.48
1488132318.25;46.08;35.28
1488132318.26;46.58;35.96
1488132318.27;47.19;36.43
1488132318.28;46.88;37.60
1488132318.29;46.81;39.50
1488132318.30;46.56;40.89
1488132318.31;45.87;40.90
1488132318.32;46.29;41.56
1488132318.33;46.60;40.21
1488132318.34;45.87;38.94
1488132318.35;46.74;39.04
1488132318.36;47.33;40.01
1488132318.37;47.43;40.52
1488132318.38;47.49;41.80
1488132318.39;47.65;40.15
1488132318.40;46.77;38.20
1488132318.41;45.86;37.74
1488132318.42;46.06;38.33
1488132318.43;45.77;37.59
1488132318.44;46.13;39.08
1488132318.45;46.84;37.98
1488132318.46;46.54;38.43
1488132318.47;46.38;40.22
1488132318.48;47.30;41.85
1488132318.49;47.54;42.78
1488132318.50;48.26;44.16
1488132318.51;48.53;45.64
1488132318.52;49.38;44.49
1488132318.53;48.44;43.56
1488132318.54;48.38;42.46
1488132318.55;48.50;41.08
1488132318.56;48.73;43.03
1488132318.57;48.29;41.33
1488132318.58;47.49;40.19
1488132318.59;47.37;39.67
1488132318.60;47.29;40.73
1488132318.61;47.35;40.93
1488132318.62;47.84;42.85
1488132318.63;47.86;43.93
1488132318.64;47.60;44.56
1488132318.65;47.39;45.48
1488132318.66;47.22;44.82
1488132318.67;46.23;43.25
1488132318.68;46.92;44.39
1488132318.69;47.68;42.45
1488132318.70;47.99;43.68
1488132318.71;48.41;43.70
1488132318.72;48.53;45.16
1488132318.73;48.78;44.67
1488132318.74;49.42;45.31
1488132318.75;50.09;47.25
1488132318.76;49.42;46.73
1488132318.77;50.06;47.81
1488132318.78;49.34;49.80
1488132318.79;49.84;48.93
1488132318.80;50.52;49.40
1488132318.81;50.93;50.21
1488132318.82;51.64;49.99
1488132318.83;52.48;49.22
1488132318.84;52.16;50.72
1488132318.85;52.20;51.91
1488132318.86;51.81;51.16
1488132318.87;52.62;52.46
1488132318.88;52.50;53.81
1488132318.89;52.49;55.15
1488132318.90;52.66;55.69
1488132318.91;53.18;57.52
1488132318.92;53.82;57.68
1488132318.93;53.68;56.04
1488132318.94;53.17;55.52
1488132318.95;52.66;53.78
1488132318.96;52.08;53.60
1488132318.97;52.87;54.14
1488132318.98;52.16;54.90
1488132318.99;52.48;56.43
1488132319.00;51.79;57.71
1488132319.01;52.29;58.70
1488132319.02;52.41;59.77
1488132319.03;51.74;61.53
1488132319.04;50.75;61.30
1488132319.05;49.94;62.16
1488132319.06;50.78;64.14
1488132319.07;50.34;63.44
1488132319.08;51.09;63.05
1488132319.09;51.31;61.89
1488132319.10;52.11;60.69
1488132319.11;51.68;59.19
1488132319.12;51.19;58.37
1488132319.13;51.57;59.69
1488132319.14;51.13;60.74
1488132319.15;51.03;62.09
1488132319.16;50.68;62.70
1488132319.17;51.39;61.73
1488132319.18;50.49;60.39
1488132319.19;50.27;60.74
1488132319.20;49.45;60.39
1488132319.21;49.12;61.63
1488132319.22;48.17;63.05
1488132319.23;48.60;63.54
1488132319.24;48.96;64.10
1488132319.25;48.09;64.76
1488132319.26;49.07;66.71
1488132319.27;48.69;66.85
1488132319.28;48.70;65.84
1488132319.29;48.04;66.79
1488132319.30;47.65;66.44
1488132319.31;47.72;64.69
1488132319.32;47.79;63.83
1488132319.33;47.24;63.32
1488132319.34;47.22;62.61
1488132319.35;46.82;63.48
1488132319.36;46.91;65.46
1488132319.37;47.21;66.96
1488132319.38;46.42;65.17
1488132319.39;47.26;65.86
1488132319.40;47.22;67.38
1488132319.41;47.14;68.39
1488132319.42;46.76;68.94
1488132319.43;47.74;69.55
1488132319.44;47.12;71.02
1488132319.45;47.76;71.57
1488132319.46;48.71;72.81
1488132319.47;48.98;71.37
1488132319.48;49.45;73.34
1488132319.49;48.99;72.71
1488132319.50;48.44;71.78
1488132319.51;48.31;72.35
1488132319.52;47.95;70.69
1488132319.53;48.47;69.10
1488132319.54;48.62;68.60
1488132319.55;49.08;69.00
1488132319.56;48.34;69.06
1488132319.57;49.32;69.32
1488132319.58;48.44;68.49
1488132319.59;47.50;70.42
1488132319.60;47.00;71.96
1488132319.61;46.88;71.56
1488132319.62;45.94;70.88
1488132319.63;46.59;70.68
1488132319.64;47.10;70.85
1488132319.65;47.91;72.15
1488132319.66;47.87;72.98
1488132319.67;47.90;71.81
1488132319.68;48.58;72.04
1488132319.69;48.38;72.55
1488132319.70;48.90;72.16
1488132319.71;48.45;71.01
1488132319.72;47.49;72.61
1488132319.73;48.13;73.37
1488132319.74;48.25;71.83
1488132319.75;48.71;71.17
1488132319.76;49.13;70.21
1488132319.77;48.82;71.01
1488132319.78;49.28;71.71
1488132319.79;50.09;72.28
1488132319.80;49.88;72.60
1488132319.81;49.70;72.60
1488132319.82;50.02;71.57
1488132319.83;49.85;73.45
1488132319.84;48.97;74.87
1488132319.85;48.02;75.73
1488132319.86;47.25;75.39
1488132319.87;47.57;77.15
1488132319.88;48.20;78.73
1488132319.89;48.39;78.26
1488132319.90;48.48;77.35
1488132319.91;49.12;78.97
1488132319.92;49.39;80.93
1488132319.93;50.37;81.60
1488132319.94;50.08;80.18
1488132319.95;50.68;78.53
1488132319.96;50.68;77.35
1488132319.97;50.06;76.92
1488132319.98;49.06;77.96
1488132319.99;50.01;77.10
1488132320.00;49.93;78.57
1488132320.01;50.42;80.37
1488132320.02;49.69;78.57
1488132320.03;49.46;78.82
1488132320.04;49.68;79.17
1488132320.05;50.44;79.49
1488132320.06;51.06;80.01
1488132320.07;51.73;81.62
1488132320.08;51.75;81.33
1488132320.09;51.41;80.37
1488132320.10;50.67;79.12
1488132320.11;51.56;79.21
1488132320.12;50.64;80.53
1488132320.13;50.89;81.70
1488132320.14;50.36;81.01
1488132320.15;50.77;79.24
1488132320.16;50.65;77.84
1488132320.17;50.48;77.93
1488132320.18;51.40;77.29
1488132320.19;50.52;79.18
1488132320.20;50.43;77.36
1488132320.21;50.28;77.93
1488132320.22;50.54;79.49
1488132320.23;50.97;77.60
1488132320.24;50.50;75.62
1488132320.25;50.03;77.34
1488132320.26;50.71;78.38
1488132320.27;51.56;79.47
1488132320.28;52.05;78.59
1488132320.29;52.18;79.98
1488132320.30;52.73;79.91
1488132320.31;52.74;81.04
1488132320.32;52.88;80.26
1488132320.33;53.42;80.40
1488132320.34;54.27;80.63
1488132320.35;55.10;81.50
1488132320.36;54.33;81.07
1488132320.37;53.80;82.83
1488132320.38;53.49;83.89
1488132320.39;53.18;82.45
1488132320.40;53.03;80.67
1488132320.41;52.15;81.73
1488132320.42;51.16;81.92
1488132320.43;51.93;82.40
1488132320.44;52.20;82.42
1488132320.45;51.70;82.55
1488132320.46;50.96;82.87
1488132320.47;50.15;83.22
1488132320.48;49.38;81.78
1488132320.49;48.77;83.48
1488132320.50;49.40;82.96
1488132320.51;49.90;83.65
1488132320.52;50.90;85.11
1488132320.53;50.30;87.05
1488132320.54;49.69;85.15
1488132320.55;50.33;83.27
1488132320.56;50.60;84.70
1488132320.57;51.19;83.81
1488132320.58;51.89;83.42
1488132320.59;51.51;81.69
1488132320.60;50.52;81.09
1488132320.61;49.59;81.02
1488132320.62;49.33;81.67
1488132320.63;50.01;81.70
1488132320.64;49.78;83.16
1488132320.65;50.54;83.75
1488132320.66;49.69;84.66
1488132320.67;49.02;84.59
1488132320.68;49.67;85.38
1488132320.69;49.77;86.69
1488132320.70;48.86;88.54
1488132320.71;49.04;87.96
1488132320.72;49.83;87.22
1488132320.73;49.52;85.81
1488132320.74;49.82;84.23
1488132320.75;50.59;85.13
1488132320.76;51.24;84.69
1488132320.77;51.84;86.54
1488132320.78;52.23;88.17
1488132320.79;52.03;88.69
1488132320.80;51.25;89.16
1488132320.81;51.46;90.95
1488132320.82;52.31;91.08
1488132320.83;51.78;89.60
1488132320.84;50.93;89.13
1488132320.85;49.95;87.25
1488132320.86;49.62;88.24
1488132320.87;50.50;87.88
1488132320.88;49.51;86.03
1488132320.89;50.18;84.38
1488132320.90;49.30;83.04
1488132320.91;48.69;81.09
1488132320.92;48.71;81.83
1488132320.93;49.14;80.43
1488132320.94;49.34;78.57
1488132320.95;48.63;77.43
1488132320.96;49.48;78.99
1488132320.97;50.41;78.00
1488132320.98;50.65;76.61
1488132320.99;50.87;77.55
1488132321.00;51.56;78.91
1488132321.01;50.78;78.57
1488132321.02;51.27;78.13
1488132321.03;50.72;77.80
1488132321.04;50.26;78.57
1488132321.05;49.79;78.61
1488132321.06;50.24;79.92
1488132321.07;50.09;80.29
1488132321.08;49.53;81.70
1488132321.09;48.81;81.50
1488132321.10;48.80;82.17
1488132321.11;48.56;81.59
1488132321.12;48.41;80.31
1488132321.13;48.49;79.87
1488132321.14;48.99;81.17
1488132321.15;48.46;81.14
1488132321.16;49.34;80.66
1488132321.17;48.91;80.26
1488132321.18;48.62;81.65
1488132321.19;48.32;82.61
1488132321.20;48.12;84.36
1488132321.21;48.46;84.51
1488132321.22;48.31;83.52
1488132321.23;48.56;82.47
1488132321.24;47.81;83.43
1488132321.25;48.16;81.81
1488132321.26;48.96;83.80
1488132321.27;48.46;85.80
1488132321.28;47.52;86.85
1488132321.29;47.64;88.53
1488132321.30;47.88;89.61
1488132321.31;48.85;88.85
1488132321.32;47.97;90.67
1488132321.33;48.94;90.34
1488132321.34;49.56;90.47
1488132321.35;49.36;90.84
1488132321.36;48.76;89.08
1488132321.37;49.21;87.60
1488132321.38;49.97;89.03
1488132321.39;50.11;90.27
1488132321.40;50.62;88.60
1488132321.41;51.38;89.86
1488132321.42;51.86;91.73
1488132321.43;51.80;91.82
1488132321.44;51.32;90.08
1488132321.45;50.70;89.10
1488132321.46;50.42;87.52
1488132321.47;51.37;85.89
1488132321.48;51.19;84.02
1488132321.49;50.93;85.95
1488132321.50;50.72;84.20
1488132321.51;50.32;82.77
1488132321.52;50.89;82.50
1488132321.53;51.25;80.89
1488132321.54;50.40;81.14
1488132321.55;49.89;82.04
1488132321.56;49.72;82.14
1488132321.57;49.83;80.46
1488132321.58;49.50;79.88
1488132321.59;50.20;81.45
1488132321.60;50.92;81.32
1488132321.61;50.86;82.99
1488132321.62;51.58;82.59
1488132321.63;51.19;82.17
1488132321.64;51.13;81.37
1488132321.65;51.77;82.00
1488132321.66;52.09;80.29
1488132321.67;52.86;80.68
1488132321.68;53.62;81.66
1488132321.69;53.95;83.54
1488132321.70;54.14;82.26
1488132321.71;53.91;82.16
1488132321.72;52.94;80.34
1488132321.73;53.28;81.80
1488132321.74;53.36;83.63
1488132321.75;52.61;84.39
1488132321.76;51.79;82.63
1488132321.77;52.07;83.55
1488132321.78;52.02;83.03
1488132321.79;51.06;83.15
1488132321.80;51.74;83.99
1488132321.81;51.96;82.89
1488132321.82;51.21;80.99
1488132321.83;51.91;81.66
1488132321.84;51.01;80.14
1488132321.85;50.95;81.17
1488132321.86;51.52;80.52
1488132321.87;51.34;80.81
1488132321.88;50.51;82.57
1488132321.89;49.80;81.00
1488132321.90;49.48;79.13
1488132321.91;48.89;80.00
1488132321.92;48.29;81.38
1488132321.93;47.98;82.19
1488132321.94;48.98;83.47
1488132321.95;49.21;84.04
1488132321.96;48.28;84.60
1488132321.97;48.48;86.12
1488132321.98;48.89;87.65
1488132321.99;49.83;87.86
1488132322.00;49.57;88.11
1488132322.01;49.63;88.77
1488132322.02;49.94;90.43
1488132322.03;50.40;89.00
1488132322.04;51.03;88.20
1488132322.05;50.15;90.07
1488132322.06;50.52;88.28
1488132322.07;50.40;88.89
1488132322.08;50.01;87.97
1488132322.09;49.82;88.63
1488132322.10;50.60;86.83
1488132322.11;51.51;88.18
1488132322.12;52.32;86.90
1488132322.13;51.46;87.10
1488132322.14;52.24;86.98
1488132322.15;52.28;86.70
1488132322.16;53.00;88.56
1488132322.17;53.69;87.25
1488132322.18;54.63;88.23
1488132322.19;55.51;88.40
1488132322.20;100;100
1488132322.21;-100;-100
1488132322.22;100;100
1488132322.23;-100;-100
1488132322.24;100;100
1488132322.25;-100;-100
1488132322.26;100;100
1488132322.27;-100;-100
1488132322.28;100;100
1488132322.29;-100;-100
1488132322.30;100;100
1488132322.31;-100;-100
1488132322.32;100;100
1488132322.33;-100;-100
1488132322.34;100;100
1488132322.35;-100;-100
1488132322.36;100;100
1488132322.37;-100;-100
1488132322.38;100;100
1488132322.39;-100;-100